split,rank,u_metric,subject_id,file,deformation_class,u_score
Train,min,mean,783462,783462_ela.npz,elastic,2.363994207685944
Train,median,mean,130720,130720_aff.npz,affine,11.084838576102658
Train,max,mean,993675,993675_aela.npz,affine_elastic,20.330732139061517
Val,min,mean,118225,118225_ela.npz,elastic,2.7620769940419905
Val,median,mean,902242,902242_aff.npz,affine,10.972891872647837
Val,max,mean,814548,814548_aela.npz,affine_elastic,18.75877434132417
Test,min,mean,159845,159845_ela.npz,elastic,2.4605570677579087
Test,median,mean,208630,208630_rig.npz,rigid,11.43598880348045
Test,max,mean,202719,202719_aff.npz,affine,18.820758558010397
